[
   {
      "nextQuestionId":"liveInUSIsYes",
      "nextQuestionTxt":"Do You live in USA",
      "possibleAnswers":[
         "Yes",
         "No"
      ]
   },
   {
      "questionId":"LiveInUSYes",
      "answerid":"Yes"
   },
   {
      "nextQuestionId":"State",
      "possibleAnswers":[
         "California",
         "Nevada",
         "Alaska"
      ]
   },
   {
      "questionId":"State",
      "answerid":"CA"
   },
   {
      "nextQuestionId":"City",
      "possibleAnswers":[
         "San Jose",
         "San Francisco",
         "Sacramento"
      ]
   }
]